pdf,xlsx,jalali_date,records,engine
Supplement20241226.pdf,Supplement20241226.xlsx,6 دی 1403,80,pypdf
Supplements20250115.pdf,Supplements20250115.xlsx,26 دی 1403  (از نام فایل),134,pdfplumber
Supplements20250116.pdf,Supplements20250116.xlsx,27 دی 1403  (از نام فایل),164,pdfplumber
Supplements20250118.pdf,Supplements20250118.xlsx,29 دی 1403  (از نام فایل),171,pdfplumber
Supplements20250120.pdf,Supplements20250120.xlsx,1 بهمن 1403  (از نام فایل),28,pdfplumber
Supplements20250123.pdf,Supplements20250123.xlsx,4 بهمن 1403  (از نام فایل),118,pdfplumber
Supplements20250126.pdf,Supplements20250126.xlsx,7 بهمن 1403,87,pdfplumber
Supplements20250130.pdf,Supplements20250130.xlsx,11 بهمن 1403,12,pdfplumber
Supplements20250203.pdf,Supplements20250203.xlsx,15 بهمن 1403,15,pdfplumber
Supplements20250206.pdf,Supplements20250206.xlsx,18 بهمن 1403,12,pdfplumber
Supplements20250209.pdf,Supplements20250209.xlsx,21 بهمن 1403,38,pdfplumber
Supplements20250212.pdf,Supplements20250212.xlsx,24 بهمن 1403,18,pdfplumber
Supplements20250213.pdf,Supplements20250213.xlsx,25 بهمن 1403,18,pdfplumber
Supplements20250220.pdf,Supplements20250220.xlsx,2 اسفند 1403,51,pdfplumber
Supplements20250222.pdf,Supplements20250222.xlsx,4 اسفند 1403,28,pdfplumber
Supplements20250223.pdf,Supplements20250223.xlsx,5 اسفند 1403,18,pdfplumber
Supplements20250224.pdf,Supplements20250224.xlsx,6 اسفند 1403,21,pdfplumber
Supplements20250225.pdf,Supplements20250225.xlsx,7 اسفند 1403,37,pdfplumber
Supplements20250226.pdf,Supplements20250226.xlsx,8 اسفند 1403,19,pdfplumber
Supplements20250227.pdf,Supplements20250227.xlsx,9 اسفند 1403,15,pdfplumber
Supplements20250303.pdf,Supplements20250303.xlsx,13 اسفند 1403,9,pdfplumber
Supplements20250308.pdf,Supplements20250308.xlsx,18 اسفند 1403,19,pdfplumber
Supplements20250309.pdf,Supplements20250309.xlsx,19 اسفند 1403,18,pdfplumber
Supplements20250312.pdf,Supplements20250312.xlsx,22 اسفند 1403,32,pdfplumber
Supplements20250316.pdf,Supplements20250316.xlsx,26 اسفند 1403,26,pdfplumber
Supplements20250329.pdf,Supplements20250329.xlsx,9 فروردین 1404,33,pdfplumber
Supplements20250406.pdf,Supplements20250406.xlsx,17 فروردین 1404,13,pdfplumber
Supplements20250408.pdf,Supplements20250408.xlsx,19 فروردین 1404,11,pdfplumber
Supplements20250413.pdf,Supplements20250413.xlsx,24 فروردین 1404,16,pdfplumber
Supplements20250415.pdf,Supplements20250415.xlsx,26 فروردین 1404,28,pdfplumber
Supplements20250417.pdf,Supplements20250417.xlsx,28 فروردین 1404,17,pdfplumber
Supplements20250419.pdf,Supplements20250419.xlsx,30 فروردین 1404,17,pdfplumber
Supplements20250421.pdf,Supplements20250421.xlsx,1 اردیبهشت 1404,8,pdfplumber
Supplements20250426.pdf,Supplements20250426.xlsx,6 اردیبهشت 1404,20,pdfplumber
Supplements20250427.pdf,Supplements20250427.xlsx,7 اردیبهشت 1404,30,pdfplumber
Supplements20250428.pdf,Supplements20250428.xlsx,8 اردیبهشت 1404,15,pdfplumber
Supplements20250430.pdf,Supplements20250430.xlsx,10 اردیبهشت 1404,13,pdfplumber
Supplements20250501.pdf,Supplements20250501.xlsx,11 اردیبهشت 1404,26,pdfplumber
Supplements20250504.pdf,Supplements20250504.xlsx,14 اردیبهشت 1404,24,pdfplumber
Supplements20250505.pdf,Supplements20250505.xlsx,15 اردیبهشت 1404,13,pdfplumber
Supplements20250508.pdf,Supplements20250508.xlsx,18 اردیبهشت 1404,19,pdfplumber
Supplements20250511.pdf,Supplements20250511.xlsx,21 اردیبهشت 1404,16,pdfplumber
Supplements20250514.pdf,Supplements20250514.xlsx,24 اردیبهشت 1404,28,pdfplumber
Supplements20250519.pdf,Supplements20250519.xlsx,29 اردیبهشت 1404,29,pdfplumber
Supplements20250520.pdf,Supplements20250520.xlsx,30 اردیبهشت 1404,26,pdfplumber
Supplements20250521.pdf,Supplements20250521.xlsx,31 اردیبهشت 1404,23,pdfplumber
Supplements20250524.pdf,Supplements20250524.xlsx,3 خرداد 1404,11,pdfplumber
Supplements20250525.pdf,Supplements20250525.xlsx,4 خرداد 1404,11,pdfplumber
Supplements20250526.pdf,Supplements20250526.xlsx,5 خرداد 1404,32,pdfplumber
Supplements20250527.pdf,Supplements20250527.xlsx,6 خرداد 1404,16,pdfplumber
Supplements20250529.pdf,Supplements20250529.xlsx,8 اردیبهشت 1404,11,pdfplumber
Supplements202506.pdf,Supplements202506.xlsx,16 اردیبهشت 1404,7,pdfplumber
Supplements20250601.pdf,Supplements20250601.xlsx,11 خرداد 1404,20,pdfplumber
Supplements20250602.pdf,Supplements20250602.xlsx,12 خرداد 1404,8,pdfplumber
Supplements20250607.pdf,Supplements20250607.xlsx,17 خرداد 1404,19,pdfplumber
Supplements20250609.pdf,Supplements20250609.xlsx,19 خرداد 1404,11,pdfplumber
Supplements20250612.pdf,Supplements20250612.xlsx,22 خرداد 1404,22,pdfplumber
Supplements20250617.pdf,Supplements20250617.xlsx,27 خرداد 1404,12,pdfplumber
Supplements20250621.pdf,Supplements20250621.xlsx,31 خرداد 1404,15,pdfplumber
Supplements20250625.pdf,Supplements20250625.xlsx,4 تیر 1404,29,pdfplumber
Supplements20250626.pdf,Supplements20250626.xlsx,5 تیر 1404,23,pdfplumber
Supplements20250628.pdf,Supplements20250628.xlsx,7 تیر 1404,13,pdfplumber
Supplements20250630.pdf,Supplements20250630.xlsx,9 تیر 1404,10,pdfplumber
Supplements202507.pdf,Supplements202507.xlsx,17 اردیبهشت 1404,10,pdfplumber
Supplements20250703.pdf,Supplements20250703.xlsx,12 تیر 1404,18,pdfplumber
Supplements20250707.pdf,Supplements20250707.xlsx,16 تیر 1404,18,pdfplumber
Supplements20250708.pdf,Supplements20250708.xlsx,17 تیر 1404,14,pdfplumber
Supplements20250709.pdf,Supplements20250709.xlsx,18 تیر 1404,18,pdfplumber
Supplements20250710.pdf,Supplements20250710.xlsx,19 تیر 1404,8,pdfplumber
Supplements20250713.pdf,Supplements20250713.xlsx,22 تیر 1404,21,pdfplumber
Supplements20250714.pdf,Supplements20250714.xlsx,23 تیر 1404,9,pdfplumber
Supplements20250715.pdf,Supplements20250715.xlsx,24 تیر 1404,10,pdfplumber
Supplements20250716.pdf,Supplements20250716.xlsx,25 تیر 1404,9,pdfplumber
Supplements20250720.pdf,Supplements20250720.xlsx,29 تیر 1404,21,pdfplumber
Supplements20250721.pdf,Supplements20250721.xlsx,30 تیر 1404,16,pdfplumber
Supplements20250722.pdf,Supplements20250722.xlsx,31 تیر 1404,8,pdfplumber
Supplements20250726.pdf,Supplements20250726.xlsx,4 مرداد 1404,29,pdfplumber
Supplements20250727.pdf,Supplements20250727.xlsx,5 مرداد 1404,10,pdfplumber
Supplements20250728.pdf,Supplements20250728.xlsx,6 مرداد 1404,17,pdfplumber
Supplements20250730.pdf,Supplements20250730.xlsx,8 مرداد 1404,36,pdfplumber
Supplements20250802.pdf,Supplements20250802.xlsx,11 مرداد 1404,21,pdfplumber
Supplements20250803.pdf,Supplements20250803.xlsx,12 مرداد 1404,8,pdfplumber
Supplements20250804.pdf,Supplements20250804.xlsx,13 مرداد 1404,14,pdfplumber
Supplements20250806.pdf,Supplements20250806.xlsx,15 مرداد 1404,12,pdfplumber
Supplements20250809.pdf,Supplements20250809.xlsx,18 مرداد 1404,17,pdfplumber
Supplements20250810.pdf,Supplements20250810.xlsx,19 مرداد 1404,13,pdfplumber
Supplements20250811.pdf,Supplements20250811.xlsx,20 مرداد 1404,11,pdfplumber
Supplements20250812.pdf,Supplements20250812.xlsx,21 مرداد 1404,18,pdfplumber
Supplements20250816.pdf,Supplements20250816.xlsx,25 مرداد 1404,27,pdfplumber
Supplements20250818.pdf,Supplements20250818.xlsx,27 مرداد 1404,9,pdfplumber
Supplements20250819.pdf,Supplements20250819.xlsx,28 مرداد 1404,12,pdfplumber
Supplements20250823.pdf,Supplements20250823.xlsx,1 شهریور 1404,14,pdfplumber
Supplements20250825.pdf,Supplements20250825.xlsx,3 شهریور 1404,19,pdfplumber
Supplements20250827.pdf,Supplements20250827.xlsx,5 شهریور 1404,20,pdfplumber
Supplements20250828.pdf,Supplements20250828.xlsx,6 شهریور 1404,12,pdfplumber
Supplements20250831.pdf,Supplements20250831.xlsx,9 شهریور 1404,18,pdfplumber
Supplements20250904.pdf,Supplements20250904.xlsx,13 شهریور 1404,39,pdfplumber
Supplements20250907.pdf,Supplements20250907.xlsx,16 شهریور 1404,18,pdfplumber
Supplements20250911.pdf,Supplements20250911.xlsx,20 شهریور 1404,15,pdfplumber
Supplements20250915.pdf,Supplements20250915.xlsx,24 شهریور 1404,27,pdfplumber
Supplements20250916.pdf,Supplements20250916.xlsx,25 شهریور 1404,17,pdfplumber
Supplements20250917.pdf,Supplements20250917.xlsx,26 شهریور 1404,16,pdfplumber
Supplements20250918.pdf,Supplements20250918.xlsx,27 شهریور 1404,22,pdfplumber
Supplements20250922.pdf,Supplements20250922.xlsx,31 شهریور 1404,21,pdfplumber
Supplements20250923.pdf,Supplements20250923.xlsx,1 مهر 1404,27,pdfplumber
Supplements20250924.pdf,Supplements20250924.xlsx,2 مهر 1404,26,pdfplumber
Supplements20250927.pdf,Supplements20250927.xlsx,5 مهر 1404,14,pdfplumber
Supplements20250929.pdf,Supplements20250929.xlsx,7 مهر 1404,11,pdfplumber
Supplements20250930.pdf,Supplements20250930.xlsx,8 مهر 1404,11,pdfplumber
Supplements20251004.pdf,Supplements20251004.xlsx,12 مهر 1404,26,pdfplumber
Supplements20251006.pdf,Supplements20251006.xlsx,14 مهر 1404,20,pdfplumber
Supplements20251007.pdf,Supplements20251007.xlsx,15 مهر 1404,9,pdfplumber
Supplements20251008.pdf,Supplements20251008.xlsx,16 مهر 1404,20,pdfplumber
Supplements20251009.pdf,Supplements20251009.xlsx,17 مهر 1404,13,pdfplumber
Supplements20251011.pdf,Supplements20251011.xlsx,19 مهر 1404,14,pdfplumber
Supplements20251013.pdf,Supplements20251013.xlsx,21 مهر 1404,28,pdfplumber
Supplements20251014.pdf,Supplements20251014.xlsx,22 مهر 1404,13,pdfplumber
Supplements20251015.pdf,Supplements20251015.xlsx,23 مهر 1404,14,pdfplumber
Supplements20251018.pdf,Supplements20251018.xlsx,26 مهر 1404,27,pdfplumber
Supplements20251020.pdf,Supplements20251020.xlsx,28 مهر 1404,17,pdfplumber
Supplements20251021.pdf,Supplements20251021.xlsx,29 مهر 1404,19,pdfplumber
Supplements20251022.pdf,Supplements20251022.xlsx,30 مهر 1404,17,pdfplumber
Supplements20251025.pdf,Supplements20251025.xlsx,3 آبان 1404,19,pdfplumber
Supplements20251026.pdf,Supplements20251026.xlsx,4 آبان 1404,7,pdfplumber
Supplements20251027.pdf,Supplements20251027.xlsx,5 آبان 1404,26,pdfplumber
Supplements20251028.pdf,Supplements20251028.xlsx,6 آبان 1404,19,pdfplumber
Supplements20251029.pdf,Supplements20251029.xlsx,7 آبان 1404,17,pdfplumber
Supplements20251101.pdf,Supplements20251101.xlsx,10 آبان 1404,28,pdfplumber
Supplements20251102.pdf,Supplements20251102.xlsx,11 آبان 1404,29,pdfplumber
Supplements20251103.pdf,Supplements20251103.xlsx,12 آبان 1404,10,pdfplumber
Supplements20251105.pdf,Supplements20251105.xlsx,14 آبان 1404,26,pdfplumber
Supplements20251106.pdf,Supplements20251106.xlsx,15 آبان 1404,11,pdfplumber
Supplements20251109.pdf,Supplements20251109.xlsx,18 آبان 1404,23,pdfplumber
Supplements20251110.pdf,Supplements20251110.xlsx,19 آبان 1404,28,pdfplumber
Supplements20251111.pdf,Supplements20251111.xlsx,20 آبان 1404,8,pdfplumber
Supplements20251113.pdf,Supplements20251113.xlsx,22 آبان 1404,11,pdfplumber
Supplements20251115.pdf,Supplements20251115.xlsx,24 آبان 1404,17,pdfplumber
Supplements20251118.pdf,Supplements20251118.xlsx,27 آبان 1404,27,pdfplumber
Supplements20251122.pdf,Supplements20251122.xlsx,1 آذر 1404,23,pdfplumber
Supplements20251123.pdf,Supplements20251123.xlsx,2 آذر 1404,11,pdfplumber
Supplements20251125.pdf,Supplements20251125.xlsx,2 آذر 1404,11,pdfplumber
Supplements20251126.pdf,Supplements20251126.xlsx,5 آذر 1404,6,pdfplumber
Supplements20251127.pdf,Supplements20251127.xlsx,6 آذر 1404,21,pdfplumber
Supplements20251129.pdf,Supplements20251129.xlsx,8 آذر 1404,20,pdfplumber
Supplements20251130.pdf,Supplements20251130.xlsx,9 آذر 1404,10,pdfplumber
Supplements20251201.pdf,Supplements20251201.xlsx,10 آذر 1404,23,pdfplumber
Supplements20251204.pdf,Supplements20251204.xlsx,13 آذر 1404,52,pdfplumber
Supplements20251206.pdf,Supplements20251206.xlsx,15 آذر 1404,17,pdfplumber
Supplements20251207.pdf,Supplements20251207.xlsx,16 آذر 1404,23,pdfplumber
Supplements20251209.pdf,Supplements20251209.xlsx,18 آذر 1404,17,pdfplumber
Supplements20251211.pdf,Supplements20251211.xlsx,20 آذر 1404,14,pdfplumber
Supplements20251213.pdf,Supplements20251213.xlsx,22 آذر 1404,11,pdfplumber
Supplements20251215.pdf,Supplements20251215.xlsx,24 آذر 1404,17,pdfplumber
Supplements20251217.pdf,Supplements20251217.xlsx,26 آذر 1404,9,pdfplumber
Supplements20251218.pdf,Supplements20251218.xlsx,27 آذر 1404,7,pdfplumber
Supplements20251223.pdf,Supplements20251223.xlsx,2 دی 1404,23,pdfplumber
Supplements20251225.pdf,Supplements20251225.xlsx,4 دی 1404  (از نام فایل),23,pypdf
Supplements20251227.pdf,Supplements20251227.xlsx,6 دی 1404,30,pdfplumber
Supplements20251228.pdf,Supplements20251228.xlsx,7 دی 1404,9,pdfplumber
Supplements20251229.pdf,Supplements20251229.xlsx,8 دی 1404,18,pdfplumber
Supplements20251231.pdf,Supplements20251231.xlsx,10 دی 1404,13,pdfplumber
Supplements20260101.pdf,Supplements20260101.xlsx,11 دی 1404,16,pdfplumber
Supplements20260104.pdf,Supplements20260104.xlsx,14 دی 1404,15,pdfplumber
Supplements20260106.pdf,Supplements20260106.xlsx,16 دی 1404,30,pdfplumber
Supplements20260107.pdf,Supplements20260107.xlsx,17 دی 1404,18,pdfplumber
Supplements20260108.pdf,Supplements20260108.xlsx,18 دی 1404,18,pdfplumber
Supplements20260110.pdf,Supplements20260110.xlsx,20 دی 1404,16,pdfplumber
Supplements20260111.pdf,Supplements20260111.xlsx,21 دی 1404,15,pdfplumber
Supplements20260112.pdf,Supplements20260112.xlsx,22 دی 1404,25,pdfplumber
Supplements20260113.pdf,Supplements20260113.xlsx,23 دی 1404,30,pdfplumber
Supplements20260115.pdf,Supplements20260115.xlsx,25 دی 1404,34,pdfplumber
Supplements20260118.pdf,Supplements20260118.xlsx,28 دی 1404,30,pdfplumber
Supplements20260119.pdf,Supplements20260119.xlsx,29 دی 1404,18,pdfplumber
Supplements20260120.pdf,Supplements20260120.xlsx,30 دی 1404,22,pdfplumber
Supplements20260121.pdf,Supplements20260121.xlsx,1 بهمن 1404,20,pdfplumber
Supplements20260122.pdf,Supplements20260122.xlsx,2 بهمن 1404,19,pdfplumber
Supplements20260124.pdf,Supplements20260124.xlsx,4 بهمن 1404,12,pdfplumber
Supplements20260125.pdf,Supplements20260125.xlsx,5 بهمن 1404,30,pdfplumber
Supplements20260126.pdf,Supplements20260126.xlsx,6 بهمن 1404,41,pdfplumber
Supplements20260127.pdf,Supplements20260127.xlsx,7 بهمن 1404,36,pdfplumber
Supplements20260128.pdf,Supplements20260128.xlsx,8 بهمن 1404,30,pdfplumber
Supplements20260129.pdf,Supplements20260129.xlsx,9 بهمن 1404,26,pdfplumber
Supplements20260131.pdf,Supplements20260131.xlsx,11 بهمن 1404,40,pdfplumber
Supplements20260201.pdf,Supplements20260201.xlsx,12 بهمن 1404,17,pdfplumber
Supplements20260202.pdf,Supplements20260202.xlsx,13 بهمن 1404,37,pdfplumber
Supplements20260203.pdf,Supplements20260203.xlsx,14 بهمن 1404,35,pdfplumber
Supplements20260205.pdf,Supplements20260205.xlsx,16 بهمن 1404,41,pdfplumber
Supplements20260207.pdf,Supplements20260207.xlsx,18 بهمن 1404,43,pdfplumber
Supplements20260208.pdf,Supplements20260208.xlsx,19 بهمن 1404,24,pdfplumber
Supplements20260209.pdf,Supplements20260209.xlsx,20 بهمن 1404,55,pdfplumber
Supplements20260210.pdf,Supplements20260210.xlsx,21 بهمن 1404,48,pdfplumber
Supplements20260214.pdf,Supplements20260214.xlsx,25 بهمن 1404,68,pdfplumber
Supplements20260215.pdf,Supplements20260215.xlsx,26 بهمن 1404,24,pdfplumber
Supplements20260216.pdf,Supplements20260216.xlsx,27 بهمن 1404,55,pdfplumber
Supplements20260217.pdf,Supplements20260217.xlsx,28 بهمن 1404,55,pdfplumber
Supplements20260218.pdf,Supplements20260218.xlsx,29 بهمن 1404  (از نام فایل),17,pypdf
Supplements20260219.pdf,Supplements20260219.xlsx,30 بهمن 1404,15,pdfplumber
Supplements20260221.pdf,Supplements20260221.xlsx,2 اسفند 1404,28,pdfplumber
Supplements20260222.pdf,Supplements20260222.xlsx,3 اسفند 1404,28,pdfplumber
Supplements20260223 (2).pdf,Supplements20260223 (2).xlsx,5 اسفند 1404,61,pdfplumber
Supplements20260223.pdf,Supplements20260223.xlsx,4 اسفند 1404,32,pdfplumber
Supplements20260225.pdf,Supplements20260225.xlsx,6 اسفند 1404,17,pdfplumber
Supplements20260226.pdf,Supplements20260226.xlsx,7 اسفند 1404,20,pdfplumber
Supplements20260305.pdf,Supplements20260305.xlsx,14 اسفند 1404,83,pdfplumber
Supplements20260307.pdf,Supplements20260307.xlsx,16 اسفند 1404,35,pdfplumber
Supplements20260312.pdf,Supplements20260312.xlsx,21 اسفند 1404  (از نام فایل),35,pypdf
Supplements20260411.pdf,Supplements20260411.xlsx,22 فروردین 1405,56,pdfplumber
Supplements20260415.pdf,Supplements20260415.xlsx,26 فروردین 1405,42,pdfplumber
Supplements20260419.pdf,Supplements20260419.xlsx,30 فروردین 1405,24,pdfplumber
Supplements20260420.pdf,Supplements20260420.xlsx,31 فروردین 1405,14,pdfplumber
Supplements20260422.pdf,Supplements20260422.xlsx,2 اردیبهشت 1405,28,pdfplumber
Supplements20260423.pdf,Supplements20260423.xlsx,3 اردیبهشت 1405,41,pdfplumber
Supplements20260424.pdf,Supplements20260424.xlsx,4 اردیبهشت 1405,37,pdfplumber
Supplements20260425.pdf,Supplements20260425.xlsx,5 اردیبهشت 1405,37,pdfplumber
Supplements20260426.pdf,Supplements20260426.xlsx,6 اردیبهشت 1405,30,pdfplumber
Supplements20260427.pdf,Supplements20260427.xlsx,7 اردیبهشت 1405,13,pdfplumber
Supplements20260429.pdf,Supplements20260429.xlsx,9 اردیبهشت 1405,40,pdfplumber
Supplements20260430.pdf,Supplements20260430.xlsx,10 اردیبهشت 1405,60,pdfplumber
Supplements20260502.pdf,Supplements20260502.xlsx,12 اردیبهشت 1405,45,pdfplumber
Supplements20260503.pdf,Supplements20260503.xlsx,13 اردیبهشت 1405,47,pdfplumber
Supplements20260504.pdf,Supplements20260504.xlsx,14 اردیبهشت 1405,42,pdfplumber
Supplements20260505.pdf,Supplements20260505.xlsx,15 اردیبهشت 1405,54,pdfplumber
Supplements20260507.pdf,Supplements20260507.xlsx,17 اردیبهشت 1405,60,pdfplumber
Supplements20260509.pdf,Supplements20260509.xlsx,19 اردیبهشت 1405,45,pdfplumber
Supplements20260510.pdf,Supplements20260510.xlsx,20 اردیبهشت 1405,61,pdfplumber
Supplements20260511.pdf,Supplements20260511.xlsx,21 اردیبهشت 1405,54,pdfplumber
Supplements20260512.pdf,Supplements20260512.xlsx,22 اردیبهشت 1405,53,pdfplumber
Supplements20260513.pdf,Supplements20260513.xlsx,23 اردیبهشت 1405,52,pdfplumber
Supplements20260514.pdf,Supplements20260514.xlsx,24 اردیبهشت 1405,62,pdfplumber
Supplements20260516.pdf,Supplements20260516.xlsx,26 اردیبهشت 1405,59,pdfplumber
Supplements20260517.pdf,Supplements20260517.xlsx,27 اردیبهشت 1405,40,pdfplumber
Supplements20260518.pdf,Supplements20260518.xlsx,28 اردیبهشت 1405,33,pdfplumber
Supplements20260519.pdf,Supplements20260519.xlsx,29 اردیبهشت 1405,39,pdfplumber
Supplements20260521.pdf,Supplements20260521.xlsx,31 اردیبهشت 1405,38,pdfplumber
Supplements20260523.pdf,Supplements20260523.xlsx,2 خرداد 1405,75,pdfplumber
Supplements20260524.pdf,Supplements20260524.xlsx,3 خرداد 1405,70,pdfplumber
Supplements20260525.pdf,Supplements20260525.xlsx,4 خرداد 1405,46,pdfplumber
Supplements20260526.pdf,Supplements20260526.xlsx,5 خرداد 1405,47,pdfplumber
Supplements20260528.pdf,Supplements20260528.xlsx,7 خرداد 1405,59,pdfplumber
Supplements20260530.pdf,Supplements20260530.xlsx,9 خرداد 1405,72,pdfplumber
Supplements20260531.pdf,Supplements20260531.xlsx,10 خرداد 1405,44,pdfplumber
Supplements20260601.pdf,Supplements20260601.xlsx,11 خرداد 1405,29,pdfplumber
Supplements20260602.pdf,Supplements20260602.xlsx,12 خرداد 1405,24,pdfplumber
Supplements20260603.pdf,Supplements20260603.xlsx,13 خرداد 1405,38,pdfplumber
Supplements20260607.pdf,Supplements20260607.xlsx,17 خرداد 1405,66,pdfplumber
Supplements20260609.pdf,Supplements20260609.xlsx,19 خرداد 1405,47,pdfplumber
Supplements20260613.pdf,Supplements20260613.xlsx,23 خرداد 1405,29,pdfplumber
Supplements20260615.pdf,Supplements20260615.xlsx,25 خرداد 1405,68,pdfplumber
Supplements20260616.pdf,Supplements20260616.xlsx,26 خرداد 1405,33,pdfplumber
Supplements20260617.pdf,Supplements20260617.xlsx,27 خرداد 1405,31,pdfplumber
Supplements20260621.pdf,Supplements20260621.xlsx,31 خرداد 1405,52,pdfplumber
Supplements20260627.pdf,Supplements20260627.xlsx,6 تیر 1405,40,pdfplumber
Supplements20260628.pdf,Supplements20260628.xlsx,7 تیر 1405,28,pdfplumber
Supplements20260629.pdf,Supplements20260629.xlsx,8 تیر 1405,35,pdfplumber
Supplements20260701.pdf,Supplements20260701.xlsx,10 تیر 1405,27,pdfplumber
Supplements20260704.pdf,Supplements20260704.xlsx,13 تیر 1405,44,pdfplumber
Supplements20260705.pdf,Supplements20260705.xlsx,14 تیر 1405,33,pdfplumber
Supplements20260706.pdf,Supplements20260706.xlsx,15 تیر 1405,13,pdfplumber
Supplements20260711.pdf,Supplements20260711.xlsx,20 تیر 1405,32,pdfplumber
Supplements20260712.pdf,Supplements20260712.xlsx,21 تیر 1405,24,pdfplumber
Supplements20260713.pdf,Supplements20260713.xlsx,22 تیر 1405,10,pdfplumber
Supplements20260714.pdf,Supplements20260714.xlsx,23 تیر 1405,31,pdfplumber
Supplements20260715.pdf,Supplements20260715.xlsx,24 تیر 1405,23,pdfplumber
Supplements20260716.pdf,Supplements20260716.xlsx,25 تیر 1405,25,pdfplumber
Supplements20260720.pdf,Supplements20260720.xlsx,29 تیر 1405,31,pdfplumber
Supplements20260721.pdf,Supplements20260721.xlsx,30 تیر 1405,25,pdfplumber
Supplements20260725.pdf,Supplements20260725.xlsx,3 مرداد 1405,31,pdfplumber
Supplements20260728.pdf,Supplements20260728.xlsx,6 مرداد 1405,48,pdfplumber
Supplements20260802.pdf,Supplements20260802.xlsx,11 مرداد 1405,31,pdfplumber
Supplements20260805.pdf,Supplements20260805.xlsx,14 مرداد 1405,16,pdfplumber
Supplements20260811.pdf,Supplements20260811.xlsx,20 مرداد 1405,29,pdfplumber
Supplements20260817.pdf,Supplements20260817.xlsx,26 مرداد 1405,60,pdfplumber
Supplements20260823.pdf,Supplements20260823.xlsx,1 شهریور 1405,50,pdfplumber
Supplements20260824.pdf,Supplements20260824.xlsx,2 شهریور 1405,25,pdfplumber
Supplements20260831.pdf,Supplements20260831.xlsx,9 شهریور 1405,35,pdfplumber
Supplements20260902.pdf,Supplements20260902.xlsx,11 شهریور 1405,10,pdfplumber
Supplements20260903.pdf,Supplements20260903.xlsx,12 شهریور 1405,18,pdfplumber
Supplements20260907.pdf,Supplements20260907.xlsx,16 شهریور 1405,27,pdfplumber
Supplements20260909.pdf,Supplements20260909.xlsx,18 شهریور 1405,10,pdfplumber
Supplements20260919.pdf,Supplements20260919.xlsx,28 شهریور 1405,33,pdfplumber
Supplements20260920.pdf,Supplements20260920.xlsx,29 شهریور 1405,21,pdfplumber
Supplements20260921.pdf,Supplements20260921.xlsx,30 شهریور 1405,50,pdfplumber
